Primary LCSC,Alternative LCSC,MPN,Package,Stock,Status,Reason
C1850273,C1850281,TPS26631RGET,VQFN-24(4x4),23,available,"TPS26631RGET: same RGE footprint, alternate tape quantity; verify ordering suffix and assembly availability."
C114200,C2876530,CSD19534Q5AT,VSONP-8(5x6),69,available,"CSD19534Q5AT: same MOSFET/package, alternate tape quantity."
C105188,C83561,TLV3201AIDBVT,SOT-23-5,43,available,"TLV3201AIDBVT: same DBV package, alternate reel quantity."
C23892,C41283,TL431BIDBZR,SOT-23-3,240513,available,"TL431BIDBZR: tighter reference tolerance; same pinout/package, verify complete electrical limits."
C15846,C143435,MAX3232ESE+,SOIC-16,3502,available,MAX3232ESE+: same device/package; shipping format differs.
C79991,C7561,M24512-WMN6TP,SOIC-8,2567,available,"M24512-WMN6TP: higher minimum supply than R version; 3.3 V application is suitable, verify write timing and temperature grade."
C2985721,C2903495,HoJLR2512-3W-33mR-1%,2512,4980,available,"HoJLR2512 33 mOhm 3 W 1%: compare pad geometry, pulse rating and TCR; not an automatic substitute."
C25804,C2906982,FRC0603F1002TS,0603,10334802,available,"FRC0603F1002TS: 10 kOhm 1% 0603; verify working voltage, power rating and TCR for each use."
C42166327,C24833806,HUSB238A-BB001-QN16R,QFN-16L-EP(3x3),1300,available,"HUSB238A-BB001-QN16R is an architectural candidate, not pin/software compatible. Its VBUS handling and 48 V EPR configuration need a complete redesign and documentation review."
C516354,C1161714,TMC5160A-WA,QFN-56-EP(8x8),2,available,"TMC5160A-WA is a different package; requires a new footprint and layout. Very low observed stock, not a robust procurement fallback."
C43131250,,,,,no-drop-in-selected,No verified drop-in replacement for TPD4S480 was selected. Do not substitute a 20 V CC protector in a 48 V EPR design.
C141679,C705781,RT0603BRD074K02L,0603,43346,available,"4.02 kOhm, 0603, 0.1%, 100 mW, 25 ppm/degC candidate for R25; tighter tolerance than the primary 1%. Confirm manufacturer land pattern and actual assembler inventory. The API power_watts numeric field is mis-scaled; 100 mW comes from the attributes text."
