LCSC,MPN,Value,Package,References,Qty/board,Stock,Status,Checked at
C1779,CL21A475KAQNNNE,4.7uF,0805,C25,1,855873,available,2026-10-10T13:56:26.521Z
C2482,SS110,,SMA(DO-214AC),D11 D12,2,459251,available,2026-10-10T13:56:30.164Z
C4184,0603WAF2002T5E,20k,0603,R26 R33,2,2258874,available,2026-10-10T13:56:26.259Z
C7666,SN74LVC1G08DBVR,,SOT-23-5,U4 U10 U11 U33,4,232163,available,2026-10-10T13:56:24.898Z
C9943,MAX3485EESA+T,,SOIC-8,U20,1,27908,available,2026-10-10T13:56:29.681Z
C13738,X322516MLB4SI,,SMD3225-4P,Y1,1,172398,available,2026-10-10T13:56:28.824Z
C13967,CL21B474KBFNNNE,470nF,0805,C27 C32 C33 C34 C35,5,211110,available,2026-10-10T13:56:26.750Z
C14663,CC0603KRX7R9BB104,100nF,0603,C72 C9 C10 C14 C65 C69 C70 C18 C24 C28 C36 C37 C38 C39 C89 C94 C40 C41 C43 C44 C45 C46 C48 C51 C52 C73 C54 C55 C56 C57 C58 C59 C60 C74 C77 C78 C79 C80 C81 C82 C85,41,12618106,available,2026-10-10T13:56:23.574Z
C15725,CL10B104KC8NNNC,100nF,0603,C1 C12 C63 C20 C29 C31 C61,7,1221863,available,2026-10-10T13:56:23.984Z
C15846,MAX3232ESE+T,,SO-Narrow-16,U21,1,25896,available,2026-10-10T13:56:29.783Z
C15849,CL10A105KB8NNNC,1uF,0603,C2 C13 C64 C88 C93 C42 C53 C75,8,5979916,available,2026-10-10T13:56:23.980Z
C19666,CL10A475KO8NNNC,4.7uF,0603,C26,1,1373603,available,2026-10-10T13:56:26.619Z
C21189,0603WAF0000T5E,0,0603,R9 R12,2,6153233,available,2026-10-10T13:56:24.855Z
C21190,0603WAF1001T5E,1k,0603,R55 R98 R100 R117 R118,5,8013731,available,2026-10-10T13:56:27.176Z
C22827,0603WAF1803T5E,180k,0603,R19 R20 R31 R32,4,11034,available,2026-10-10T13:56:25.727Z
C22859,0603WAF100JT5E,10,0603,R38 R39 R42 R43 R46 R47 R50 R51 R68,9,2873490,available,2026-10-10T13:56:26.997Z
C22935,0603WAF1004T5E,1M,0603,R107,1,2601258,available,2026-10-10T13:56:23.521Z
C22939,0603WAF220KT5E,2.2,0603,R34,1,11727,available,2026-10-10T13:56:26.585Z
C23146,0603WAF3603T5E,360k,0603,R27,1,5601,available,2026-10-10T13:56:26.159Z
C23162,0603WAF4701T5E,4.7k,0603,R3 R4 R5 R6 R7 R22 R85 R88 R91 R94 R97 R79 R82,13,7433362,available,2026-10-10T13:56:24.854Z
C23186,0603WAF5101T5E,5.1k,0603,R105 R106,2,3775920,available,2026-10-10T13:56:29.339Z
C23345,0603WAF220JT5E,22,0603,R71 R72,2,2657294,available,2026-10-10T13:56:28.847Z
C25803,0603WAF1003T5E,100k,0603,R2 R11 R13 R15 R16 R102 R40 R41 R44 R45 R48 R49 R52 R53 R57 R121 R67 R69 R113,19,7990119,available,2026-10-10T13:56:24.388Z
C25819,0603WAF4702T5E,47k,0603,R108 R83 R86 R89 R92 R95 R77 R80,8,1803082,available,2026-10-10T13:56:23.596Z
C32677,PSM712-LF-T7,,SOT-23,D3,1,317834,available,2026-10-10T13:56:29.724Z
C37593,ADS1115IDGSR,,VSSOP-10,U30,1,14470,available,2026-10-10T13:56:30.171Z
C38523,CL10C120JB8NNNC,12pF,0603,C49 C50,2,444842,available,2026-10-10T13:56:28.864Z
C41095,MMBT5551LT1G,,SOT-23,Q14 Q15 Q19 Q20 Q21 Q22 Q23 Q17 Q18 Q24 Q25,11,142386,available,2026-10-10T13:56:27.475Z
C45783,CL21A226MAQNNNE,22uF,0805,C15 C16 C17 C66 C67 C68 C90 C91 C92,9,1734789,available,2026-10-10T13:56:25.324Z
C51205,CL31B475KBHNNNE,4.7uF,1206,C5 C47,2,17195,available,2026-10-10T13:56:24.379Z
C55266,TPS2553DBVR,,SOT-23-6,U28,1,44248,available,2026-10-10T13:56:30.149Z
C57112,0603B103K500NT,10nF,0603,C83 C84,2,2155057,available,2026-10-10T13:56:30.730Z
C73651,TCAN332DR,,SOIC-8,U19,1,765,available,2026-10-10T13:56:29.750Z
C78755,BSS123LT1G,,SOT-23,Q1 Q5,2,452190,available,2026-10-10T13:56:23.925Z
C79991,M24512-RMN6TP,,SOIC-8,U3,1,20201,available,2026-10-10T13:56:24.423Z
C83454,SWPA6045S220MT,,"SMD,6x6mm",L1 L2,2,58246,available,2026-10-10T13:56:25.324Z
C95204,RT0603BRD0710KL,10k,0603,R24 R62,2,389486,available,2026-10-10T13:56:25.718Z
C96446,CL10A106MA8NRNC,10uF,0603,C6 C7 C8 C71 C76,5,2798959,available,2026-10-10T13:56:24.395Z
C99269,TMP102AIDRLR,,SOT-563,U29,1,243,available,2026-10-10T13:56:30.150Z
C105188,TLV3201AIDBVR,,SOT-23-5,U13 U14,2,31358,available,2026-10-10T13:56:27.936Z
C106210,CC0603JRNPO9BN221,220pF,0603,C3 C4,2,386857,available,2026-10-10T13:56:24.004Z
C107137,CC0805KRX7R0BB223,22nF,0805,C30,1,138756,available,2026-10-10T13:56:26.708Z
C110776,RT0603BRD071KL,1k,0603,R66,1,1745,available,2026-10-10T13:56:28.353Z
C111212,USBLC6-4SC6,USBLC6-4SC6,SOT-23-6L,D15,1,19079,available,2026-10-10T13:56:29.391Z
C114200,CSD19534Q5A,,SON-8(5x6),Q4 Q6 Q7 Q8 Q9 Q10 Q11 Q12 Q13 Q16,10,20727,available,2026-10-10T13:56:25.735Z
C135822,"74LVC1G157GW,125",,SOT-363-6,U8 U9,2,11325,available,2026-10-10T13:56:27.176Z
C137720,RC0603FR-0743K2L,43.2k,0603,R17 R103,2,2793,available,2026-10-10T13:56:25.324Z
C141679,RC0603FR-074K02L,4.02k,0603,R25,1,13,available,2026-10-10T13:56:26.098Z
C151237,SM24CANB-02HTG,,SOT-23,D2,1,12464,available,2026-10-10T13:56:29.763Z
C155214,BAV21W-7-F,,SOD-123,D1 D6 D7 D8 D9 D10 D4 D5,8,21144,available,2026-10-10T13:56:27.469Z
C160315,B2P-VH(LF)(SN),,"插件,P=3.96mm",J3,1,207876,available,2026-10-10T13:56:28.577Z
C160317,B4P-VH(LF)(SN),,"插件,P=3.96mm",J2,1,65991,available,2026-10-10T13:56:27.075Z
C170101,CL31B225KCHSNNE,2.2uF,1206,C11 C62 C21 C86,4,17939,available,2026-10-10T13:56:25.337Z
C179173,W25Q32JVSSIQ,,SOIC-8-208mil,U17,1,70003,available,2026-10-10T13:56:29.284Z
C187836,REF3425IDBVR,REF3425IDBVR,SOT-23-6,U12,1,8012,available,2026-10-10T13:56:27.896Z
C191027,UCC27511DBVR,,SOT-23-6,U15,1,3141,available,2026-10-10T13:56:28.463Z
C326730,RT0603BRD071ML,1M,0603,R63,1,76218,available,2026-10-10T13:56:28.121Z
C326731,RT0603BRD07180KL,180k,0603,R60,1,17,available,2026-10-10T13:56:27.948Z
C404027,TLV75533PDBVR,,SOT-23-5,U25,1,20831,available,2026-10-10T13:56:30.174Z
C407954,EEUFR1J471,,"插件,D12.5xL25mm",C22 C23,2,340,available,2026-10-10T13:56:26.174Z
C471521,B20B-PHDSS(LF)(SN),B20B-PHDSS(LF)(SN),"插件,P=2mm",J7,1,1457,available,2026-10-10T13:56:29.298Z
C513710,CC0805KKX7R0BB224,220nF,0805,C87,1,35814,available,2026-10-10T13:56:27.592Z
C516354,TMC5160A-TA-T,,TQFP-48-EP(7x7),U7,1,9729,available,2026-10-10T13:56:26.200Z
C705777,RT0603BRD07422KL,422k,0603,R23,1,405,available,2026-10-10T13:56:25.823Z
C720477,TS-1088-AR02016,,"SMD,4x3mm",SW1,1,877449,available,2026-10-10T13:56:28.973Z
C723637,RT0603BRD0720KL,20k,0603,R65,1,121239,available,2026-10-10T13:56:28.403Z
C844918,CRCW060310K0FKEA,10k,0603,R1 R14 R18 R104 R111 R21 R28 R29 R30 R35 R36 R37 R54 R56 R58 R70 R73 R74 R84 R87 R90 R93 R96 R75 R76 R78 R81 R99 R101 R119 R120 R112 R114,33,150167,available,2026-10-10T13:56:24.387Z
C860148,RT0603BRB0716KL,16k,0603,R61,1,3400,available,2026-10-10T13:56:28.056Z
C861400,RT0603BRD07430KL,430k,0603,R64,1,4170,available,2026-10-10T13:56:28.357Z
C861611,RT0603BRD079K09L,9.09k,0603,R122,1,649,available,2026-10-10T13:56:27.642Z
C962063,AS5047P-ATSM,,TSSOP-14,U18,1,1749,available,2026-10-10T13:56:29.256Z
C1850273,TPS26631RGER,,VQFN-24(4x4),U6,1,63,available,2026-10-10T13:56:25.722Z
C1858393,LMR36510ADDAR,,SOP-8-EP,U5 U22 U34,3,1663,available,2026-10-10T13:56:24.871Z
C2047110,SRP7050TA-470M,47uH,"SMD,7.3x6.6mm",L3,1,801,available,2026-10-10T13:56:27.486Z
C2060769,INA240A1DR,,SOIC-8,U31 U32,2,30852,available,2026-10-10T13:56:30.730Z
C2847904,STM32G0B1CBT6,,LQFP-48(7x7),U16,1,775,available,2026-10-10T13:56:28.842Z
C2862245,CSD17484F4,,PicoStar-3,Q2 Q3,2,3261,available,2026-10-10T13:56:24.820Z
C2869734,LM66100DCKR,,SC-70-6,U23 U24 U26 U27,4,7533,available,2026-10-10T13:56:25.325Z
C2985721,HoLLR2512-3W-33mR-1%,,2512,R109 R110,2,25283,available,2026-10-10T13:56:27.022Z
C3020560,USB4105-GF-A,,SMD,J1 J10,2,11505,available,2026-10-10T13:56:23.575Z
C7419996,FRM121WFR005TM,0.005,1206,R115 R116,2,585157,available,2026-10-10T13:56:30.730Z
C42166327,TPS26750SRSMR,,VQFN-32-EP(4x4),U2,1,517,available,2026-10-10T13:56:23.910Z
C43131250,TPD4S480RUKR,,QFN-20(3x3),U1,1,3323,available,2026-10-10T13:56:23.524Z
