"Designator","Mid X","Mid Y","Layer","Rotation"
"J1","-36.4249991mm","15mm","Top","270"
"R107","-22.25mm","16mm","Top","180"
"R108","-15.75mm","18mm","Top","0"
"C72","-25.5mm","14.75mm","Top","180"
"U1","-30mm","24.5mm","Top","0"
"U2","-24mm","24mm","Top","0"
"Q1","-15mm","40mm","Top","0"
"C1","-31mm","19mm","Top","180"
"C2","-29.5mm","28.75mm","Top","90"
"C3","-20.5mm","24.75mm","Top","270"
"C4","-21.5mm","20mm","Top","0"
"C5","-31.799999999999997mm","15.8mm","Top","90"
"C6","-28mm","20.25mm","Top","270"
"C7","-26mm","19.25mm","Top","270"
"C8","-24mm","19.25mm","Top","270"
"R1","-11.5mm","38.5mm","Top","0"
"R2","-33.1mm","25.5mm","Top","90"
"U3","-13.75mm","30mm","Top","0"
"C9","-17.5mm","33mm","Top","90"
"R3","-27.5mm","32.5mm","Top","90"
"R4","-11.5mm","40mm","Top","0"
"R5","-27.75mm","38.5mm","Top","90"
"R6","-31.25mm","21.5mm","Top","0"
"R7","-18mm","25.5mm","Top","0"
"R9","-31.75mm","28.25mm","Top","0"
"Q2","-17.5mm","20mm","Top","180"
"R11","-18.25mm","23.25mm","Top","90"
"R12","-25.5mm","16.5mm","Top","180"
"Q3","-29.5mm","16.5mm","Top","180"
"R13","-16mm","21.5mm","Top","0"
"U4","-12mm","24mm","Top","0"
"R14","-12mm","21mm","Top","180"
"R15","-10.25mm","27.25mm","Top","90"
"C10","-16mm","23mm","Top","180"
"U5","-27mm","8mm","Top","0"
"L1","-19mm","11.5mm","Top","0"
"C11","-25mm","1.5mm","Top","270"
"C12","-27.635mm","2.2289mm","Top","270"
"C13","-25mm","13mm","Top","0"
"C14","-28.1mm","13mm","Top","180"
"C15","-19mm","16mm","Top","0"
"C16","-15.5mm","16.25mm","Top","180"
"C17","-19mm","18mm","Top","0"
"R16","-21mm","7.25mm","Top","180"
"R17","-22.25mm","2.75mm","Top","0"
"R18","-17.75mm","6mm","Top","0"
"U22","-11mm","9mm","Top","0"
"L2","-3.5000000000000004mm","15mm","Top","0"
"C62","-6mm","0.5mm","Top","0"
"C63","-11.635mm","3.4789mm","Top","270"
"C64","-9.5mm","14.3mm","Top","0"
"C65","-12.8mm","14.4mm","Top","180"
"C66","-5mm","10mm","Top","180"
"C67","-6mm","20mm","Top","180"
"C68","-2mm","20mm","Top","0"
"R102","-14mm","2.5mm","Top","0"
"R103","-12mm","18mm","Top","180"
"R104","-2.5mm","5mm","Top","180"
"U23","-22mm","0mm","Top","0"
"U24","-10mm","0mm","Top","0"
"R111","-27.5mm","-2mm","Top","90"
"C69","-25mm","-1.7999999999999998mm","Top","180"
"C70","-10.65mm","-4.0251mm","Top","270"
"C71","-25mm","-4.5mm","Top","180"
"Q4","-8mm","33mm","Top","0"
"Q5","-8mm","39.5mm","Top","0"
"U6","0.9999999999999998mm","25mm","Top","0"
"R19","1.5mm","21mm","Top","0"
"R20","3mm","29mm","Top","0"
"R21","-3.5mm","25mm","Top","0"
"R22","5.5mm","25mm","Top","0"
"R23","-3.5mm","23mm","Top","180"
"R24","-3.5mm","27mm","Top","0"
"R25","5.5mm","23mm","Top","0"
"C18","5.5mm","27mm","Top","0"
"R26","5mm","21mm","Top","0"
"R27","5mm","18.5mm","Top","90"
"R28","-7mm","25mm","Top","0"
"R29","2.25mm","14.25mm","Top","180"
"R30","11.5mm","23mm","Top","180"
"C20","-7mm","23mm","Top","0"
"C21","-1.25mm","29.5mm","Top","180"
"C22","20mm","28mm","Top","0"
"C23","35mm","18mm","Top","0"
"R31","-7mm","27mm","Top","0"
"R32","11.5mm","18mm","Top","0"
"R33","13.5mm","20.5mm","Top","180"
"C24","11mm","20.5mm","Top","90"
"U7","24.000000000000057mm","-1mm","Top","180"
"C25","27.4mm","6.5mm","Top","90"
"C26","23.8mm","6.7mm","Top","90"
"R34","20.25mm","-8mm","Top","0"
"C27","23.25mm","-8.2mm","Top","270"
"C28","17.1mm","-1.75mm","Top","180"
"C29","25.25mm","-8.2mm","Top","270"
"C30","25mm","-11.5mm","Top","0"
"C31","28.8mm","-12mm","Top","90"
"C61","25.6mm","6.7mm","Top","90"
"R35","6.5mm","-5mm","Top","0"
"R36","15mm","13mm","Top","0"
"R37","11.5mm","14.5mm","Top","180"
"Q6","13mm","9mm","Top","90"
"Q7","13mm","3mm","Top","270"
"R38","18.8mm","10.9mm","Top","180"
"R39","7.2mm","1.1mm","Top","0"
"R40","18.8mm","13mm","Top","0"
"R41","4.8mm","-1mm","Top","270"
"C32","30.45mm","-2mm","Top","270"
"Q8","13mm","-13mm","Top","270"
"Q9","13mm","-7mm","Top","90"
"R42","7.2mm","-14.9mm","Top","0"
"R43","17.8mm","-7.5mm","Top","90"
"R44","7.2mm","-17mm","Top","180"
"R45","17.8mm","-11mm","Top","270"
"C33","27.5mm","-8.2mm","Top","270"
"Q10","35.6mm","6mm","Top","90"
"Q11","35.6mm","-1mm","Top","270"
"R46","41.2mm","7.9mm","Top","180"
"R47","30.1mm","-5.3mm","Top","90"
"R48","41.2mm","5.7mm","Top","0"
"R49","30.1mm","-8.5mm","Top","90"
"C34","29.5mm","6.3mm","Top","90"
"Q12","35.6mm","-17.2mm","Top","270"
"Q13","35.6mm","-11.4mm","Top","90"
"R50","30mm","-20.5mm","Top","0"
"R51","41.2mm","-10.1mm","Top","180"
"R52","30mm","-18.3mm","Top","0"
"R53","41.2mm","-12.3mm","Top","0"
"C35","30.45mm","1.6000000000000003mm","Top","90"
"R109","11.1mm","-2mm","Top","180"
"R110","35.6mm","-6.5mm","Top","180"
"J2","20mm","-39mm","Top","0"
"U8","4mm","-8mm","Top","0"
"U9","7.5mm","-12mm","Top","90"
"C36","0.25mm","-8mm","Top","180"
"C37","4.25mm","-13mm","Top","180"
"U10","-4mm","-9mm","Top","0"
"U11","-4mm","-14mm","Top","0"
"C38","-8mm","-10mm","Top","180"
"C39","-8mm","-15mm","Top","180"
"R54","0mm","-10mm","Top","0"
"R55","-4mm","-17mm","Top","0"
"R56","0mm","-14mm","Top","0"
"Q14","1mm","-17mm","Top","180"
"Q15","-4mm","-20mm","Top","0"
"R57","-8mm","-13mm","Top","0"
"R58","0mm","-12mm","Top","0"
"D1","-3.9999999999999996mm","-23.5mm","Top","0"
"U34","-24mm","31mm","Top","0"
"L3","-22.5mm","38.75mm","Top","0"
"C86","-18.75mm","27.5mm","Top","0"
"C87","-27.75mm","28.5mm","Top","90"
"C88","-20.5mm","33.5mm","Top","270"
"C89","-27.75mm","35.5mm","Top","90"
"C90","-17mm","36.5mm","Top","90"
"C91","-15mm","36.5mm","Top","90"
"C92","-12.5mm","36mm","Top","90"
"R121","-19mm","31.5mm","Top","270"
"R122","-20.5mm","30.25mm","Top","90"
"U12","2.75mm","-24.5mm","Top","180"
"C93","3mm","-27mm","Top","0"
"C94","5.75mm","-23.25mm","Top","90"
"U13","8.75mm","-22mm","Top","0"
"R60","7.5mm","-19mm","Top","0"
"R61","13mm","-17.5mm","Top","0"
"R62","11.75mm","-20.5mm","Top","90"
"R63","10mm","-17.5mm","Top","90"
"C40","5mm","-21mm","Top","180"
"U14","3mm","-30mm","Top","0"
"R64","-1mm","-28mm","Top","0"
"R65","6mm","-34mm","Top","0"
"R66","-12.5mm","-34.25mm","Top","180"
"R67","-1mm","-26mm","Top","0"
"C41","2.5mm","-33mm","Top","0"
"U15","10mm","26mm","Top","0"
"C42","15mm","35.5mm","Top","0"
"C43","8.9mm","22mm","Top","270"
"R68","12.55mm","29mm","Top","90"
"R69","12.55mm","32.2mm","Top","90"
"Q16","8mm","33mm","Top","0"
"J3","0mm","36.5mm","Top","0"
"U16","-19.999999999999986mm","-12mm","Top","0"
"C44","-20.75mm","-19.25mm","Top","270"
"C45","-18.75mm","-19.25mm","Top","270"
"C46","-22.75mm","-19.25mm","Top","270"
"C47","-28mm","-15.75mm","Top","180"
"R70","-12.5mm","-12mm","Top","180"
"C48","-12.5mm","-14mm","Top","0"
"R71","-27.5mm","-11.5mm","Top","0"
"R72","-27.5mm","-13.75mm","Top","0"
"Y1","-11mm","-18mm","Top","0"
"C49","-15mm","-19mm","Top","0"
"C50","-8mm","-21mm","Top","0"
"SW1","-16.8mm","-40mm","Top","0"
"U17","-13mm","-26mm","Top","0"
"R73","-8mm","-27.75mm","Top","0"
"C51","-17.25mm","-23.25mm","Top","270"
"U18","0mm","0mm","Top","180"
"R74","0mm","5.5mm","Top","90"
"C52","0mm","-5.55mm","Top","270"
"C53","3.3mm","-5.3mm","Top","180"
"J7","-2mm","-38.999873mm","Top","0"
"Q19","8mm","-31mm","Top","0"
"R83","16.5mm","-31mm","Top","0"
"R84","12.25mm","-34mm","Top","0"
"R85","15.5mm","-33.5mm","Top","180"
"D6","12.5mm","-30.5mm","Top","180"
"Q20","8mm","-26.5mm","Top","0"
"R86","18.75mm","-34mm","Top","0"
"R87","22mm","-34mm","Top","0"
"R88","4mm","-11mm","Top","0"
"D7","20mm","-11.5mm","Top","90"
"Q21","2.5mm","9.900000000000002mm","Top","180"
"R89","25.25mm","-34mm","Top","0"
"R90","27mm","-31mm","Top","0"
"R91","33mm","10mm","Top","180"
"D8","41mm","-16mm","Top","90"
"Q22","6mm","14mm","Top","180"
"R92","41mm","-6mm","Top","90"
"R93","30.5mm","-12mm","Top","90"
"R94","23.5mm","9.5mm","Top","180"
"D9","29mm","-15mm","Top","0"
"Q23","8mm","18mm","Top","180"
"R95","40mm","10mm","Top","0"
"R96","31.75mm","-27.75mm","Top","270"
"R97","41.1mm","-19.6mm","Top","0"
"D10","39mm","26mm","Top","180"
"J10","-36.4249991mm","1.0000000000000004mm","Top","270"
"R105","-31.5mm","5mm","Top","180"
"R106","-30mm","-4mm","Top","0"
"D15","-30.5mm","1.2mm","Top","0"
"C73","-30.5mm","-1.75mm","Top","0"
"U19","-32mm","-23.5mm","Top","0"
"C54","-31.4mm","-28.5mm","Top","180"
"R75","-40mm","-23mm","Top","0"
"D2","-27mm","-26.5mm","Top","0"
"U20","-22mm","-26mm","Top","0"
"C55","-26.75mm","-23.5mm","Top","180"
"R76","-22mm","-31.5mm","Top","0"
"D3","-27.5mm","-30.75mm","Top","0"
"U21","-35.5mm","-10.5mm","Top","0"
"C56","-35.5mm","-16mm","Top","0"
"C57","-39mm","-16mm","Top","0"
"C58","-35.5mm","-18mm","Top","0"
"C59","-39mm","-18mm","Top","0"
"C60","-39.5mm","-5.2mm","Top","0"
"Q17","-7mm","-31mm","Top","0"
"R77","-4.75mm","-28mm","Top","180"
"R78","2.5mm","-34.75mm","Top","0"
"R79","-11mm","-32.5mm","Top","0"
"D4","-7.5mm","-25.75mm","Top","0"
"Q18","-2mm","-31mm","Top","180"
"R80","-8mm","-23.75mm","Top","0"
"R81","4.5mm","-15.5mm","Top","90"
"R82","19mm","-20mm","Top","180"
"D5","1mm","-20mm","Top","0"
"Q24","22mm","17mm","Top","0"
"R98","19.25mm","17mm","Top","90"
"R99","40.5mm","0.5mm","Top","270"
"D11","15mm","40mm","Top","0"
"Q25","26mm","17mm","Top","0"
"R100","36.5mm","10mm","Top","0"
"R101","27.5mm","13.5mm","Top","90"
"D12","-36mm","8mm","Top","0"
"R119","-28mm","-7mm","Top","180"
"R120","-28mm","-9mm","Top","180"
"U28","-18mm","3mm","Top","0"
"U25","-18mm","-1mm","Top","90"
"U26","-17mm","-5mm","Top","90"
"U27","-6mm","-3.5mm","Top","90"
"R112","-20.5mm","-4mm","Top","0"
"R113","-22mm","5.5mm","Top","0"
"C74","-14.75mm","5mm","Top","90"
"C75","-14.7mm","0.29999999999999993mm","Top","0"
"C76","-14.7mm","-2.3mm","Top","0"
"C77","-13.2mm","-5mm","Top","90"
"C78","-5mm","-6mm","Top","0"
"U29","20mm","8mm","Top","0"
"U33","6mm","4.5mm","Top","0"
"R114","26mm","10mm","Top","90"
"U30","-6mm","5mm","Top","0"
"U31","15mm","-25mm","Top","270"
"R115","15mm","-20.5mm","Top","180"
"R117","20mm","-28.5mm","Top","270"
"U32","25mm","-25mm","Top","270"
"R116","25mm","-20.5mm","Top","180"
"R118","30mm","-28.5mm","Top","270"
"C79","19.5mm","6mm","Top","0"
"C80","-2.5mm","7mm","Top","0"
"C81","20mm","-24mm","Top","90"
"C82","30mm","-24mm","Top","90"
"C83","17.5mm","-29.2mm","Top","0"
"C84","27.5mm","-29.2mm","Top","0"
"C85","3mm","5.5mm","Top","90"
