"Comment","Designator","Footprint","LCSC Part #","Quantity"
"USB4105-GF-A","J1,J10","SMD","C3020560","2"
"0603WAF1004T5E","R107","0603","C22935","1"
"0603WAF4702T5E","R108,R83,R86,R89,R92,R95,R77,R80","0603","C25819","8"
"CC0603KRX7R9BB104","C72,C9,C10,C14,C65,C69,C70,C18,C24,C28,C36,C37,C38,C39,C89,C94,C40,C41,C43,C44,C45,C46,C48,C51,C52,C73,C54,C55,C56,C57,C58,C59,C60,C74,C77,C78,C79,C80,C81,C82,C85","0603","C14663","41"
"TPD4S480RUKR","U1","QFN-20(3x3)","C43131250","1"
"TPS26750SRSMR","U2","VQFN-32-EP(4x4)","C42166327","1"
"BSS123LT1G","Q1,Q5","SOT-23","C78755","2"
"CL10B104KC8NNNC","C1,C12,C63,C20,C29,C31,C61","0603","C15725","7"
"CL10A105KB8NNNC","C2,C13,C64,C88,C93,C42,C53,C75","0603","C15849","8"
"CC0603JRNPO9BN221","C3,C4","0603","C106210","2"
"CL31B475KBHNNNE","C5,C47","1206","C51205","2"
"CL10A106MA8NRNC","C6,C7,C8,C71,C76","0603","C96446","5"
"CRCW060310K0FKEA","R1,R14,R18,R104,R111,R21,R28,R29,R30,R35,R36,R37,R54,R56,R58,R70,R73,R74,R84,R87,R90,R93,R96,R75,R76,R78,R81,R99,R101,R119,R120,R112,R114","0603","C844918","33"
"0603WAF1003T5E","R2,R11,R13,R15,R16,R102,R40,R41,R44,R45,R48,R49,R52,R53,R57,R121,R67,R69,R113","0603","C25803","19"
"M24512-RMN6TP","U3","SOIC-8","C79991","1"
"0603WAF4701T5E","R3,R4,R5,R6,R7,R22,R85,R88,R91,R94,R97,R79,R82","0603","C23162","13"
"0603WAF0000T5E","R9,R12","0603","C21189","2"
"CSD17484F4","Q2,Q3","PicoStar-3","C2862245","2"
"SN74LVC1G08DBVR","U4,U10,U11,U33","SOT-23-5","C7666","4"
"LMR36510ADDAR","U5,U22,U34","SOP-8-EP","C1858393","3"
"SWPA6045S220MT","L1,L2","SMD,6x6mm","C83454","2"
"CL31B225KCHSNNE","C11,C62,C21,C86","1206","C170101","4"
"CL21A226MAQNNNE","C15,C16,C17,C66,C67,C68,C90,C91,C92","0805","C45783","9"
"RC0603FR-0743K2L","R17,R103","0603","C137720","2"
"LM66100DCKR","U23,U24,U26,U27","SC-70-6","C2869734","4"
"CSD19534Q5A","Q4,Q6,Q7,Q8,Q9,Q10,Q11,Q12,Q13,Q16","SON-8(5x6)","C114200","10"
"TPS26631RGER","U6","VQFN-24(4x4)","C1850273","1"
"0603WAF1803T5E","R19,R20,R31,R32","0603","C22827","4"
"RT0603BRD07422KL","R23","0603","C705777","1"
"RT0603BRD0710KL","R24,R62","0603","C95204","2"
"RC0603FR-074K02L","R25","0603","C141679","1"
"0603WAF2002T5E","R26,R33","0603","C4184","2"
"0603WAF3603T5E","R27","0603","C23146","1"
"EEUFR1J471","C22,C23","插件,D12.5xL25mm","C407954","2"
"TMC5160A-TA-T","U7","TQFP-48-EP(7x7)","C516354","1"
"CL21A475KAQNNNE","C25","0805","C1779","1"
"CL10A475KO8NNNC","C26","0603","C19666","1"
"0603WAF220KT5E","R34","0603","C22939","1"
"CL21B474KBFNNNE","C27,C32,C33,C34,C35","0805","C13967","5"
"CC0805KRX7R0BB223","C30","0805","C107137","1"
"0603WAF100JT5E","R38,R39,R42,R43,R46,R47,R50,R51,R68","0603","C22859","9"
"HoLLR2512-3W-33mR-1%","R109,R110","2512","C2985721","2"
"B4P-VH(LF)(SN)","J2","插件,P=3.96mm","C160317","1"
"74LVC1G157GW,125","U8,U9","SOT-363-6","C135822","2"
"0603WAF1001T5E","R55,R98,R100,R117,R118","0603","C21190","5"
"MMBT5551LT1G","Q14,Q15,Q19,Q20,Q21,Q22,Q23,Q17,Q18,Q24,Q25","SOT-23","C41095","11"
"BAV21W-7-F","D1,D6,D7,D8,D9,D10,D4,D5","SOD-123","C155214","8"
"SRP7050TA-470M","L3","SMD,7.3x6.6mm","C2047110","1"
"CC0805KKX7R0BB224","C87","0805","C513710","1"
"RT0603BRD079K09L","R122","0603","C861611","1"
"REF3425IDBVR","U12","SOT-23-6","C187836","1"
"TLV3201AIDBVR","U13,U14","SOT-23-5","C105188","2"
"RT0603BRD07180KL","R60","0603","C326731","1"
"RT0603BRB0716KL","R61","0603","C860148","1"
"RT0603BRD071ML","R63","0603","C326730","1"
"RT0603BRD07430KL","R64","0603","C861400","1"
"RT0603BRD0720KL","R65","0603","C723637","1"
"RT0603BRD071KL","R66","0603","C110776","1"
"UCC27511DBVR","U15","SOT-23-6","C191027","1"
"B2P-VH(LF)(SN)","J3","插件,P=3.96mm","C160315","1"
"STM32G0B1CBT6","U16","LQFP-48(7x7)","C2847904","1"
"0603WAF220JT5E","R71,R72","0603","C23345","2"
"X322516MLB4SI","Y1","SMD3225-4P","C13738","1"
"CL10C120JB8NNNC","C49,C50","0603","C38523","2"
"TS-1088-AR02016","SW1","SMD,4x3mm","C720477","1"
"W25Q32JVSSIQ","U17","SOIC-8-208mil","C179173","1"
"AS5047P-ATSM","U18","TSSOP-14","C962063","1"
"B20B-PHDSS(LF)(SN)","J7","插件,P=2mm","C471521","1"
"0603WAF5101T5E","R105,R106","0603","C23186","2"
"USBLC6-4SC6","D15","SOT-23-6L","C111212","1"
"TCAN332DR","U19","SOIC-8","C73651","1"
"SM24CANB-02HTG","D2","SOT-23","C151237","1"
"MAX3485EESA+T","U20","SOIC-8","C9943","1"
"PSM712-LF-T7","D3","SOT-23","C32677","1"
"MAX3232ESE+T","U21","SO-Narrow-16","C15846","1"
"SS110","D11,D12","SMA(DO-214AC)","C2482","2"
"TPS2553DBVR","U28","SOT-23-6","C55266","1"
"TLV75533PDBVR","U25","SOT-23-5","C404027","1"
"TMP102AIDRLR","U29","SOT-563","C99269","1"
"ADS1115IDGSR","U30","VSSOP-10","C37593","1"
"INA240A1DR","U31,U32","SOIC-8","C2060769","2"
"FRM121WFR005TM","R115,R116","1206","C7419996","2"
"0603B103K500NT","C83,C84","0603","C57112","2"
