Ref,Val,Package,PosX,PosY,Rot,Side
"","","hole_circle_holeDiameter4.2mm",61.600000,-75.500000,0.000000,top
"","","hole_circle_holeDiameter4.2mm",75.500000,-138.400000,0.000000,top
"","","hole_circle_holeDiameter4.2mm",138.400000,-124.500000,0.000000,top
"","","hole_circle_holeDiameter4.2mm",124.500000,-61.600000,0.000000,top
"C1","100nF","capacitor_cap0603",69.000000,-81.000000,180.000000,top
"C2","1uF","capacitor_cap0603",70.400000,-71.200000,90.000000,top
"C3","220pF","capacitor_cap0603",76.000000,-72.000000,0.000000,top
"C4","220pF","capacitor_cap0603",78.500000,-80.000000,0.000000,top
"C5","4.7uF","capacitor_cap1206",81.500000,-74.500000,0.000000,top
"C6","10uF","capacitor_cap0603",72.000000,-79.750000,-90.000000,top
"C7","10uF","capacitor_cap0603",74.000000,-80.750000,-90.000000,top
"C8","10uF","capacitor_cap0603",76.000000,-80.750000,-90.000000,top
"C9","100nF","capacitor_cap0603",76.250000,-63.500000,180.000000,top
"C10","100nF","capacitor_cap0603",84.000000,-77.000000,180.000000,top
"C11","2.2uF","capacitor_cap1206",75.000000,-98.500000,-90.000000,top
"C12","100nF","capacitor_cap0603",72.365000,-97.771100,-90.000000,top
"C13","1uF","capacitor_cap0603",75.000000,-87.000000,0.000000,top
"C14","100nF","capacitor_cap0603",71.900000,-87.000000,180.000000,top
"C15","22uF","capacitor_cap0805",81.000000,-84.000000,0.000000,top
"C16","22uF","capacitor_cap0805",84.500000,-83.750000,180.000000,top
"C17","22uF","capacitor_cap0805",81.000000,-82.000000,0.000000,top
"C18","100nF","capacitor_cap0603",105.500000,-73.000000,0.000000,top
"C19","100nF","capacitor_cap0603",101.500000,-80.750000,180.000000,top
"C20","100nF","capacitor_cap0603",93.000000,-77.000000,0.000000,top
"C21","2.2uF","capacitor_cap1206",98.750000,-70.500000,180.000000,top
"C22","470uF","EEUFR1J471",130.000000,-78.000000,0.000000,top
"C23","470uF","EEUFR1J471",132.000000,-92.000000,0.000000,top
"C24","100nF","capacitor_cap0603",108.500000,-79.000000,180.000000,top
"C25","4.7uF","capacitor_cap0805",104.500000,-102.000000,-90.000000,top
"C26","4.7uF","capacitor_cap0603",109.000000,-102.000000,-90.000000,top
"C27","470nF","capacitor_cap0805",109.000000,-88.000000,90.000000,top
"C28","100nF","capacitor_cap0603",114.350000,-94.250000,-90.000000,top
"C29","100nF","capacitor_cap0603",106.750000,-88.200000,90.000000,top
"C30","22nF","capacitor_cap0805",104.500000,-84.000000,0.000000,top
"C31","100nF","capacitor_cap0603",95.500000,-98.500000,180.000000,top
"C32","220nF","capacitor_cap0805",115.500000,-98.500000,0.000000,top
"C33","220nF","capacitor_cap0805",108.000000,-84.000000,0.000000,top
"C34","220nF","capacitor_cap0805",97.500000,-105.000000,0.000000,top
"C35","220nF","capacitor_cap0805",110.000000,-104.500000,0.000000,top
"C36","100nF","capacitor_cap0603",100.250000,-108.000000,180.000000,top
"C37","100nF","capacitor_cap0603",104.250000,-113.000000,180.000000,top
"C38","100nF","capacitor_cap0603",92.000000,-110.000000,180.000000,top
"C39","100nF","capacitor_cap0603",92.000000,-115.000000,180.000000,top
"C40","100nF","capacitor_cap0603",105.000000,-121.000000,180.000000,top
"C41","100nF","capacitor_cap0603",102.500000,-133.000000,0.000000,top
"C42","1uF","capacitor_cap0603",115.000000,-66.500000,0.000000,top
"C43","100nF","capacitor_cap0603",115.000000,-74.000000,-90.000000,top
"C44","100nF","capacitor_cap0603",79.250000,-119.250000,-90.000000,top
"C45","100nF","capacitor_cap0603",81.250000,-119.250000,-90.000000,top
"C46","100nF","capacitor_cap0603",77.250000,-119.250000,-90.000000,top
"C47","4.7uF","capacitor_cap1206",72.000000,-115.750000,180.000000,top
"C48","100nF","capacitor_cap0603",87.500000,-114.000000,0.000000,top
"C49","12pF","capacitor_cap0603",85.000000,-119.000000,0.000000,top
"C50","12pF","capacitor_cap0603",92.000000,-121.000000,0.000000,top
"C51","100nF","capacitor_cap0603",82.750000,-123.250000,-90.000000,top
"C52","100nF","capacitor_cap0603",100.000000,-105.550000,-90.000000,top
"C53","1uF","capacitor_cap0603",103.300000,-105.300000,180.000000,top
"C54","100nF","capacitor_cap0603",68.600000,-128.500000,180.000000,top
"C55","100nF","capacitor_cap0603",73.250000,-123.500000,180.000000,top
"C56","100nF","capacitor_cap0603",64.500000,-116.000000,0.000000,top
"C57","100nF","capacitor_cap0603",61.000000,-116.000000,0.000000,top
"C58","100nF","capacitor_cap0603",64.500000,-118.000000,0.000000,top
"C59","100nF","capacitor_cap0603",61.000000,-118.000000,0.000000,top
"C60","100nF","capacitor_cap0603",60.500000,-105.200000,0.000000,top
"C61","100nF","capacitor_cap0603",106.800000,-102.000000,-90.000000,top
"C62","2.2uF","capacitor_cap1206",92.500000,-97.500000,-90.000000,top
"C63","100nF","capacitor_cap0603",88.365000,-96.521100,-90.000000,top
"C64","1uF","capacitor_cap0603",90.500000,-85.700000,0.000000,top
"C65","100nF","capacitor_cap0603",87.200000,-85.600000,180.000000,top
"C66","22uF","capacitor_cap0805",95.000000,-90.000000,0.000000,top
"C67","22uF","capacitor_cap0805",94.000000,-80.000000,180.000000,top
"C68","22uF","capacitor_cap0805",98.000000,-80.000000,0.000000,top
"C69","100nF","capacitor_cap0603",77.350000,-104.025100,-90.000000,top
"C70","100nF","capacitor_cap0603",89.350000,-104.025100,-90.000000,top
"C71","10uF","capacitor_cap0603",75.000000,-104.500000,0.000000,top
"C72","100nF","capacitor_cap0603",74.500000,-85.250000,180.000000,top
"C73","100nF","capacitor_cap0603",69.500000,-101.750000,0.000000,top
"D1","D","BAV21W-7-F",96.000000,-123.500000,0.000000,top
"D2","SM24CANB-02HTG","SM24CANB-02HTG",73.000000,-126.500000,0.000000,top
"D3","PSM712-LF-T7","PSM712-LF-T7",72.500000,-130.750000,0.000000,top
"D4","D","BAV21W-7-F",92.500000,-125.750000,0.000000,top
"D5","D","BAV21W-7-F",101.000000,-120.000000,0.000000,top
"D6","D","BAV21W-7-F",112.500000,-125.000000,180.000000,top
"D7","D","BAV21W-7-F",115.500000,-101.800000,0.000000,top
"D8","D","BAV21W-7-F",140.000000,-112.000000,0.000000,top
"D9","D","BAV21W-7-F",137.500000,-114.250000,0.000000,top
"D10","D","BAV21W-7-F",139.000000,-82.000000,180.000000,top
"D11","D","SS110",120.000000,-66.000000,0.000000,top
"D12","D","SS110",84.000000,-60.000000,180.000000,top
"D15","USBLC6-4SC6","USBLC6-4SC6",69.500000,-98.800000,0.000000,top
"J1","J1","USB4105-GF-A",63.575001,-85.000000,-90.000000,top
"J2","J2","B4P-VH_LF_SN",120.000000,-139.000000,0.000000,top
"J3","J3","B2P-VH_LF_SN",100.000000,-63.500000,0.000000,top
"J7","B20B-PHDSS(LF)(SN)","B20B-PHDSS_LF_SN",98.000000,-138.999873,0.000000,top
"J10","J10","USB4105-GF-A",63.575001,-99.000000,-90.000000,top
"L1","22µH","SWPA6045S220MT",81.000000,-88.500000,0.000000,top
"L2","22µH","SWPA6045S220MT",96.500000,-85.000000,0.000000,top
"Q1","Q1","BSS123LT1G",76.000000,-59.500000,0.000000,top
"Q2","CSD17484F4","CSD17484F4",82.500000,-80.000000,180.000000,top
"Q3","CSD17484F4","CSD17484F4",70.500000,-83.500000,180.000000,top
"Q4","CSD19534Q5A","CSD19534Q5A",92.000000,-67.000000,0.000000,top
"Q5","Q5","BSS123LT1G",92.000000,-60.500000,0.000000,top
"Q6","CSD19534Q5A","CSD19534Q5A",116.000000,-84.000000,0.000000,top
"Q7","CSD19534Q5A","CSD19534Q5A",119.500000,-93.000000,0.000000,top
"Q8","CSD19534Q5A","CSD19534Q5A",124.000000,-108.000000,0.000000,top
"Q9","CSD19534Q5A","CSD19534Q5A",124.000000,-117.000000,0.000000,top
"Q10","CSD19534Q5A","CSD19534Q5A",116.000000,-107.000000,0.000000,top
"Q11","CSD19534Q5A","CSD19534Q5A",116.000000,-116.000000,0.000000,top
"Q12","CSD19534Q5A","CSD19534Q5A",132.000000,-108.000000,0.000000,top
"Q13","CSD19534Q5A","CSD19534Q5A",132.000000,-117.000000,0.000000,top
"Q14","Q14","MMBT5551LT1G",101.000000,-117.000000,180.000000,top
"Q15","Q15","MMBT5551LT1G",96.000000,-120.000000,0.000000,top
"Q16","CSD19534Q5A","CSD19534Q5A",108.000000,-67.000000,0.000000,top
"Q17","Q17","MMBT5551LT1G",93.000000,-131.000000,0.000000,top
"Q18","Q18","MMBT5551LT1G",98.000000,-131.000000,180.000000,top
"Q19","Q19","MMBT5551LT1G",108.000000,-131.000000,0.000000,top
"Q20","Q20","MMBT5551LT1G",108.000000,-126.500000,0.000000,top
"Q21","Q21","MMBT5551LT1G",113.000000,-131.000000,0.000000,top
"Q22","Q22","MMBT5551LT1G",118.000000,-131.000000,0.000000,top
"Q23","Q23","MMBT5551LT1G",123.000000,-131.000000,0.000000,top
"Q24","Q24","MMBT5551LT1G",129.000000,-100.250000,0.000000,top
"Q25","Q25","MMBT5551LT1G",137.000000,-100.250000,0.000000,top
"R1","10kΩ","resistor_res0603",86.000000,-64.000000,180.000000,top
"R2","100kΩ","resistor_res0603",66.000000,-76.000000,0.000000,top
"R3","4.7kΩ","resistor_res0603",76.000000,-66.000000,0.000000,top
"R4","4.7kΩ","resistor_res0603",86.000000,-66.000000,180.000000,top
"R5","4.7kΩ","resistor_res0603",76.000000,-68.000000,0.000000,top
"R6","4.7kΩ","resistor_res0603",66.000000,-78.500000,0.000000,top
"R7","4.7kΩ","resistor_res0603",82.000000,-70.750000,0.000000,top
"R8","4.7kΩ","resistor_res0603",79.500000,-72.500000,180.000000,top
"R9","0Ω","resistor_res0603",76.000000,-70.000000,0.000000,top
"R11","100kΩ","resistor_res0603",86.000000,-70.000000,0.000000,top
"R12","0Ω","resistor_res0603",74.500000,-83.500000,180.000000,top
"R13","100kΩ","resistor_res0603",83.000000,-72.500000,0.000000,top
"R14","10kΩ","resistor_res0603",88.000000,-79.000000,180.000000,top
"R15","100kΩ","resistor_res0603",88.000000,-73.000000,0.000000,top
"R16","100kΩ","resistor_res0603",79.000000,-92.750000,180.000000,top
"R17","43.2kΩ","resistor_res0603",77.750000,-97.250000,0.000000,top
"R18","10kΩ","resistor_res0603",82.250000,-94.000000,0.000000,top
"R19","180kΩ","resistor_res0603",101.500000,-79.000000,0.000000,top
"R20","180kΩ","resistor_res0603",103.000000,-71.000000,0.000000,top
"R21","10kΩ","resistor_res0603",96.500000,-75.000000,0.000000,top
"R22","220Ω","resistor_res0603",105.500000,-75.000000,0.000000,top
"R23","430kΩ","resistor_res0603",96.500000,-77.000000,180.000000,top
"R24","10kΩ","resistor_res0603",96.500000,-73.000000,0.000000,top
"R25","4.02kΩ","resistor_res0603",105.500000,-77.000000,0.000000,top
"R26","20kΩ","resistor_res0603",105.000000,-79.000000,0.000000,top
"R27","360kΩ","resistor_res0603",105.000000,-81.000000,180.000000,top
"R28","10kΩ","resistor_res0603",93.000000,-75.000000,0.000000,top
"R29","10kΩ","resistor_res0603",102.250000,-85.750000,180.000000,top
"R30","10kΩ","resistor_res0603",109.000000,-75.000000,180.000000,top
"R31","180kΩ","resistor_res0603",93.000000,-73.000000,0.000000,top
"R32","180kΩ","resistor_res0603",109.000000,-77.000000,0.000000,top
"R33","20kΩ","resistor_res0603",109.000000,-73.000000,180.000000,top
"R34","2.2Ω","resistor_res0603",95.500000,-95.000000,0.000000,top
"R35","10kΩ","resistor_res0603",106.500000,-105.000000,0.000000,top
"R36","10kΩ","resistor_res0603",114.900000,-88.750000,0.000000,top
"R37","10kΩ","resistor_res0603",111.500000,-85.500000,180.000000,top
"R38","10Ω","resistor_res0603",111.500000,-83.750000,0.000000,top
"R39","10Ω","resistor_res0603",123.950000,-93.000000,0.000000,top
"R40","100kΩ","resistor_res0603",121.000000,-84.000000,0.000000,top
"R41","100kΩ","resistor_res0603",123.950000,-95.000000,0.000000,top
"R42","10Ω","resistor_res0603",124.000000,-102.500000,0.000000,top
"R43","10Ω","resistor_res0603",124.000000,-127.500000,0.000000,top
"R44","100kΩ","resistor_res0603",127.500000,-102.750000,0.000000,top
"R45","100kΩ","resistor_res0603",120.500000,-127.500000,180.000000,top
"R46","10Ω","resistor_res0603",111.000000,-107.000000,0.000000,top
"R47","10Ω","resistor_res0603",111.000000,-116.000000,0.000000,top
"R48","100kΩ","resistor_res0603",111.000000,-109.000000,0.000000,top
"R49","100kΩ","resistor_res0603",111.000000,-118.000000,0.000000,top
"R50","10Ω","resistor_res0603",137.000000,-108.000000,0.000000,top
"R51","10Ω","resistor_res0603",137.000000,-117.000000,0.000000,top
"R52","100kΩ","resistor_res0603",137.000000,-110.000000,0.000000,top
"R53","100kΩ","resistor_res0603",137.000000,-119.000000,0.000000,top
"R54","10kΩ","resistor_res0603",100.000000,-110.000000,0.000000,top
"R55","1kΩ","resistor_res0603",96.000000,-117.000000,0.000000,top
"R56","10kΩ","resistor_res0603",100.000000,-114.000000,0.000000,top
"R57","100kΩ","resistor_res0603",92.000000,-113.000000,0.000000,top
"R58","10kΩ","resistor_res0603",100.000000,-112.000000,0.000000,top
"R59","220Ω","resistor_res0603",103.000000,-127.000000,0.000000,top
"R60","180kΩ","resistor_res0603",107.500000,-119.000000,0.000000,top
"R61","20kΩ","resistor_res0603",113.000000,-122.000000,0.000000,top
"R62","10kΩ","resistor_res0603",112.000000,-127.000000,180.000000,top
"R63","1MΩ","resistor_res0603",107.500000,-117.000000,0.000000,top
"R64","430kΩ","resistor_res0603",99.000000,-128.000000,0.000000,top
"R65","20kΩ","resistor_res0603",106.000000,-134.000000,0.000000,top
"R66","1kΩ","resistor_res0603",87.500000,-134.250000,180.000000,top
"R67","100kΩ","resistor_res0603",99.000000,-126.000000,0.000000,top
"R68","10Ω","resistor_res0603",117.500000,-73.500000,0.000000,top
"R69","100kΩ","resistor_res0603",120.000000,-71.500000,0.000000,top
"R70","10kΩ","resistor_res0603",87.500000,-112.000000,180.000000,top
"R71","22Ω","resistor_res0603",87.500000,-110.000000,0.000000,top
"R72","22Ω","resistor_res0603",72.500000,-113.750000,0.000000,top
"R73","10kΩ","resistor_res0603",92.000000,-127.750000,0.000000,top
"R74","10kΩ","resistor_res0603",95.250000,-96.750000,0.000000,top
"R75","10kΩ","resistor_res0603",60.000000,-123.000000,0.000000,top
"R76","10kΩ","resistor_res0603",78.000000,-131.500000,0.000000,top
"R77","47kΩ","resistor_res0603",95.250000,-128.000000,180.000000,top
"R78","10kΩ","resistor_res0603",102.500000,-134.750000,0.000000,top
"R79","4.7kΩ","resistor_res0603",89.000000,-132.500000,0.000000,top
"R80","47kΩ","resistor_res0603",92.000000,-123.750000,0.000000,top
"R81","10kΩ","resistor_res0603",104.500000,-115.250000,0.000000,top
"R82","4.7kΩ","resistor_res0603",116.250000,-121.250000,180.000000,top
"R83","47kΩ","resistor_res0603",115.250000,-128.000000,0.000000,top
"R84","10kΩ","resistor_res0603",112.250000,-134.000000,0.000000,top
"R85","4.7kΩ","resistor_res0603",115.500000,-133.500000,180.000000,top
"R86","47kΩ","resistor_res0603",118.750000,-134.000000,0.000000,top
"R87","10kΩ","resistor_res0603",122.000000,-134.000000,0.000000,top
"R88","4.7kΩ","resistor_res0603",104.000000,-111.000000,0.000000,top
"R89","47kΩ","resistor_res0603",125.250000,-134.000000,0.000000,top
"R90","10kΩ","resistor_res0603",127.000000,-131.000000,0.000000,top
"R91","4.7kΩ","resistor_res0603",134.000000,-103.000000,180.000000,top
"R92","47kΩ","resistor_res0603",138.000000,-106.000000,180.000000,top
"R93","10kΩ","resistor_res0603",130.750000,-103.000000,180.000000,top
"R94","4.7kΩ","resistor_res0603",123.750000,-98.000000,0.000000,top
"R95","47kΩ","resistor_res0603",140.250000,-92.000000,0.000000,top
"R96","10kΩ","resistor_res0603",128.000000,-126.750000,0.000000,top
"R97","4.7kΩ","resistor_res0603",137.500000,-121.000000,0.000000,top
"R98","1kΩ","resistor_res0603",125.000000,-100.000000,0.000000,top
"R99","10kΩ","resistor_res0603",132.500000,-99.250000,0.000000,top
"R100","1kΩ","resistor_res0603",138.000000,-104.000000,0.000000,top
"R101","10kΩ","resistor_res0603",140.250000,-97.000000,0.000000,top
"R102","100kΩ","resistor_res0603",86.000000,-97.500000,0.000000,top
"R103","43.2kΩ","resistor_res0603",88.000000,-82.000000,180.000000,top
"R104","10kΩ","resistor_res0603",93.500000,-93.000000,180.000000,top
"R105","5.1kΩ","resistor_res0603",68.500000,-95.000000,180.000000,top
"R106","5.1kΩ","resistor_res0603",70.000000,-104.000000,0.000000,top
"R107","1MΩ","resistor_res0603",77.750000,-84.000000,0.000000,top
"R108","47kΩ","resistor_res0603",84.250000,-82.000000,0.000000,top
"R109","33mΩ","HoLLR2512-3W-33mR-1",120.000000,-124.000000,0.000000,top
"R110","33mΩ","HoLLR2512-3W-33mR-1",131.000000,-124.000000,0.000000,top
"R111","10kΩ","resistor_res0603",75.000000,-102.000000,180.000000,top
"SW1","SW1","TS-1088-AR02016",82.000000,-140.000000,0.000000,top
"TP_ENC_3V3","TP_ENC_3V3","test_point",90.000000,-135.000000,0.000000,top
"TP_ENC_A","TP_ENC_A","test_point",92.500000,-135.000000,0.000000,top
"TP_ENC_B","TP_ENC_B","test_point",95.000000,-135.000000,0.000000,top
"TP_ENC_GND","TP_ENC_GND","test_point",100.000000,-135.000000,0.000000,top
"TP_ENC_I","TP_ENC_I","test_point",97.500000,-135.000000,0.000000,top
"TP_NRST","TP_NRST","test_point",80.750000,-136.300000,0.000000,top
"TP_STATUS","TP_STATUS","test_point",83.000000,-136.300000,0.000000,top
"TP_SWCLK","TP_SWCLK","test_point",78.750000,-135.800000,0.000000,top
"TP_SWDIO","TP_SWDIO","test_point",80.500000,-133.800000,0.000000,top
"TP_SWD_3V3","TP_SWD_3V3","test_point",78.000000,-133.800000,0.000000,top
"TP_SWD_GND","TP_SWD_GND","test_point",83.000000,-133.800000,0.000000,top
"U1","TPD4S480RUKR","TPD4S480RUKR",70.000000,-75.500000,0.000000,top
"U2","TPS26750SRSMR","TPS26750SRSMR",76.000000,-76.000000,0.000000,top
"U3","M24512-RMN6TP","M24512-RMN6TP",81.000000,-66.000000,0.000000,top
"U4","SN74LVC1G08DBVR","SN74LVC1G08DBVR",88.000000,-76.000000,0.000000,top
"U5","LMR36510ADDAR","LMR36510ADDAR",73.000000,-92.000000,0.000000,top
"U6","TPS26631RGER","TPS26631RGER",101.000000,-75.000000,0.000000,top
"U7","TMC5160A-TA-T","TMC5160A-TA-T",108.250000,-95.000000,0.000000,top
"U8","74LVC1G157GW,125","74LVC1G157GW_125",104.000000,-108.000000,0.000000,top
"U9","74LVC1G157GW,125","74LVC1G157GW_125",108.000000,-113.000000,0.000000,top
"U10","SN74LVC1G08DBVR","SN74LVC1G08DBVR",96.000000,-109.000000,0.000000,top
"U11","SN74LVC1G08DBVR","SN74LVC1G08DBVR",96.000000,-114.000000,0.000000,top
"U12","TL431AIDBZR","TL431AIDBZR",103.000000,-124.000000,0.000000,top
"U13","TLV3201AIDBVR","TLV3201AIDBVR",109.000000,-122.000000,0.000000,top
"U14","TLV3201AIDBVR","TLV3201AIDBVR",103.000000,-130.000000,0.000000,top
"U15","UCC27511DBVR","UCC27511DBVR",116.000000,-70.000000,0.000000,top
"U16","STM32G0B1CBT6","STM32G0B1CBT6",80.000000,-112.000000,0.000000,top
"U17","W25Q32JVSSIQ","W25Q32JVSSIQ",87.000000,-126.000000,0.000000,top
"U18","AS5047P-ATSM","AS5047P-ATSM",100.000000,-100.000000,180.000000,top
"U19","TCAN332DR","TCAN332DR",68.000000,-123.500000,0.000000,top
"U20","MAX3485EESA+T","MAX3485EESA_T",78.000000,-126.000000,0.000000,top
"U21","MAX3232ESE+T","MAX3232ESE_T",64.500000,-110.500000,0.000000,top
"U22","LMR36510ADDAR","LMR36510ADDAR",89.000000,-91.000000,0.000000,top
"U23","LM66100DCKR","LM66100DCKR",78.000000,-100.000000,0.000000,top
"U24","LM66100DCKR","LM66100DCKR",90.000000,-100.000000,0.000000,top
"Y1","Y1","X322516MLB4SI",89.000000,-118.000000,0.000000,top
